dbscan,month,geography,group,subgroup
1,Mar,Manitoba,yellow,CANADA
1,Mar,Manitoba,yellow,CANADA
1,Sep,Manitoba,blue,CANADA
1,Sep,Manitoba,green,CANADA
1,Sep,Manitoba,green,CANADA
1,Sep,Manitoba,yellow,CANADA
1,Sep,Manitoba,green,CANADA
1,May,Manitoba,green,CANADA
1,May,Manitoba,white,CANADA
1,May,Manitoba,white,CANADA
1,May,Manitoba,green,CANADA
1,Mar,Manitoba,green,CANADA
1,Mar,Manitoba,red,CANADA
1,Mar,Manitoba,green,CANADA
1,Mar,Manitoba,purple,CANADA
1,Mar,Manitoba,green,CANADA
1,Sep,Manitoba,yellow,CANADA
1,Sep,Manitoba,green,CANADA
1,Sep,Manitoba,yellow,CANADA
1,Sep,Manitoba,green,CANADA
1,Sep,Manitoba,green,CANADA
1,Sep,Manitoba,green,CANADA
1,Aug,Manitoba,green,CANADA
1,Jun,Manitoba,green,CANADA
1,May,Manitoba,green,CANADA
1,May,Manitoba,green,CANADA
1,May,Manitoba,purple,CANADA
1,May,Manitoba,green,CANADA
1,Apr,Manitoba,yellow,CANADA
1,Feb,Manitoba,green,CANADA
1,Oct,Manitoba,green,CANADA
1,Oct,Manitoba,green,CANADA
1,Aug,Manitoba,green,CANADA
1,Jun,Manitoba,green,CANADA
1,Jun,Manitoba,green,CANADA
1,Jun,Manitoba,green,CANADA
1,Apr,Manitoba,yellow,CANADA
1,Sep,Manitoba,green,CANADA
1,Jul,Manitoba,green,CANADA
1,Jul,Manitoba,green,CANADA
1,May,Manitoba,green,CANADA
1,May,Manitoba,green,CANADA
8,Sep,Northwest,purple,CANADA
8,Sep,Northwest,green,CANADA
8,Sep,Northwest,green,CANADA
8,Mar,Northwest,green,CANADA
8,Mar,Northwest,green,CANADA
8,Mar,Northwest,green,CANADA
8,Mar,Northwest,green,CANADA
8,Sep,Northwest,purple,CANADA
8,Sep,Northwest,green,CANADA
8,Sep,Northwest,green,CANADA
8,Sep,Northwest,green,CANADA
8,Sep,Northwest,yellow,CANADA
8,Mar,Northwest,green,CANADA
8,Mar,Northwest,green,CANADA
8,May,Northwest,green,CANADA
8,Apr,Northwest,green,CANADA
8,Apr,Northwest,green,CANADA
8,Apr,Northwest,green,CANADA
8,Apr,Northwest,green,CANADA
8,Apr,Northwest,green,CANADA
8,Apr,Northwest,green,CANADA
8,Apr,Northwest,green,CANADA
8,Apr,Northwest,green,CANADA
8,Apr,Northwest,green,CANADA
8,Apr,Northwest,green,CANADA
8,Apr,Northwest,green,CANADA
8,Apr,Northwest,green,CANADA
8,Apr,Northwest,green,CANADA
8,Apr,Northwest,green,CANADA
8,Apr,Northwest,green,CANADA
8,Apr,Northwest,purple,CANADA
8,Apr,Northwest,yellow,CANADA
8,Apr,Northwest,yellow,CANADA
8,Apr,Northwest,green,CANADA
8,Apr,Northwest,green,CANADA
8,Apr,Northwest,green,CANADA
8,Apr,Northwest,green,CANADA
8,Apr,Northwest,green,CANADA
8,Apr,Northwest,yellow,CANADA
8,Apr,Northwest,yellow,CANADA
8,Apr,Northwest,green,CANADA
8,Apr,Northwest,green,CANADA
8,Apr,Northwest,green,CANADA
8,Apr,Northwest,green,CANADA
8,Apr,Northwest,yellow,CANADA
8,Apr,Northwest,green,CANADA
8,Apr,Northwest,green,CANADA
8,Apr,Northwest,green,CANADA
8,Apr,Northwest,green,CANADA
8,Apr,Northwest,green,CANADA
8,Apr,Northwest,green,CANADA
8,Apr,Northwest,green,CANADA
8,Apr,Northwest,yellow,CANADA
8,Apr,Northwest,green,CANADA
8,Apr,Northwest,green,CANADA
8,Apr,Northwest,green,CANADA
8,Apr,Northwest,green,CANADA
8,Apr,Northwest,green,CANADA
8,Apr,Northwest,green,CANADA
8,Apr,Northwest,green,CANADA
8,Apr,Northwest,yellow,CANADA
8,Apr,Northwest,yellow,CANADA
8,Apr,Northwest,green,CANADA
8,Apr,Northwest,green,CANADA
8,Mar,Northwest,green,CANADA
8,Mar,Northwest,green,CANADA
8,Mar,Northwest,green,CANADA
8,Mar,Northwest,green,CANADA
8,Mar,Northwest,green,CANADA
8,Mar,Northwest,green,CANADA
8,Mar,Northwest,green,CANADA
8,Mar,Northwest,purple,CANADA
8,Mar,Northwest,green,CANADA
8,Mar,Northwest,green,CANADA
8,Mar,Northwest,yellow,CANADA
8,Mar,Northwest,yellow,CANADA
8,Mar,Northwest,green,CANADA
8,Jan,Northwest,green,CANADA
8,Nov,Northwest,green,CANADA
8,Nov,Northwest,blue,CANADA
8,Nov,Northwest,green,CANADA
8,Nov,Northwest,green,CANADA
8,Oct,Northwest,green,CANADA
8,Oct,Northwest,white,CANADA
8,Oct,Northwest,white,CANADA
8,Oct,Northwest,white,CANADA
8,Oct,Northwest,white,CANADA
8,Oct,Northwest,white,CANADA
8,Oct,Northwest,white,CANADA
8,Oct,Northwest,white,CANADA
8,Oct,Northwest,green,CANADA
8,Oct,Northwest,white,CANADA
8,Oct,Northwest,white,CANADA
8,Oct,Northwest,white,CANADA
8,Oct,Northwest,white,CANADA
8,Oct,Northwest,white,CANADA
8,Oct,Northwest,white,CANADA
8,Oct,Northwest,white,CANADA
8,Oct,Northwest,white,CANADA
8,Oct,Northwest,white,CANADA
8,Oct,Northwest,white,CANADA
8,Oct,Northwest,white,CANADA
8,Oct,Northwest,white,CANADA
8,Oct,Northwest,green,CANADA
8,Oct,Northwest,white,CANADA
8,Oct,Northwest,green,CANADA
8,Sep,Northwest,green,CANADA
8,Sep,Northwest,green,CANADA
8,Sep,Northwest,yellow,CANADA
8,Sep,Northwest,yellow,CANADA
8,Sep,Northwest,green,CANADA
8,Sep,Northwest,purple,CANADA
8,Sep,Northwest,green,CANADA
8,Sep,Northwest,green,CANADA
8,Sep,Northwest,green,CANADA
8,Sep,Northwest,green,CANADA
8,Sep,Northwest,green,CANADA
8,Sep,Northwest,green,CANADA
8,Sep,Northwest,green,CANADA
8,Sep,Northwest,green,CANADA
8,Sep,Northwest,green,CANADA
8,Sep,Northwest,green,CANADA
8,Sep,Northwest,green,CANADA
8,Sep,Northwest,green,CANADA
8,Sep,Northwest,green,CANADA
8,Sep,Northwest,white,CANADA
8,Sep,Northwest,green,CANADA
8,Sep,Northwest,green,CANADA
8,Sep,Northwest,green,CANADA
8,Sep,Northwest,green,CANADA
8,Sep,Northwest,green,CANADA
8,Sep,Northwest,green,CANADA
8,Sep,Northwest,green,CANADA
8,Sep,Northwest,green,CANADA
8,Sep,Northwest,green,CANADA
8,Sep,Northwest,white,CANADA
8,Aug,Northwest,green,CANADA
8,Aug,Northwest,green,CANADA
8,Aug,Northwest,green,CANADA
8,Aug,Northwest,green,CANADA
8,Aug,Northwest,green,CANADA
8,Aug,Northwest,green,CANADA
8,Aug,Northwest,green,CANADA
8,Aug,Northwest,green,CANADA
8,Aug,Northwest,green,CANADA
8,Mar,Northwest,green,CANADA
8,Mar,Northwest,green,CANADA
8,Mar,Northwest,blue,CANADA
8,Mar,Northwest,blue,CANADA
8,Mar,Northwest,green,CANADA
8,Mar,Northwest,green,CANADA
8,Mar,Northwest,green,CANADA
8,Mar,Northwest,green,CANADA
8,Mar,Northwest,green,CANADA
8,Mar,Northwest,green,CANADA
8,Mar,Northwest,green,CANADA
8,Mar,Northwest,green,CANADA
8,Mar,Northwest,green,CANADA
8,Mar,Northwest,green,CANADA
8,Mar,Northwest,green,CANADA
8,Mar,Northwest,green,CANADA
8,Mar,Northwest,blue,CANADA
8,Mar,Northwest,green,CANADA
8,Mar,Northwest,green,CANADA
8,Mar,Northwest,blue,CANADA
8,Mar,Northwest,green,CANADA
8,Feb,Northwest,green,CANADA
8,Feb,Northwest,green,CANADA
8,Feb,Northwest,green,CANADA
8,Feb,Northwest,green,CANADA
8,Feb,Northwest,green,CANADA
8,Feb,Northwest,green,CANADA
8,Feb,Northwest,green,CANADA
8,Jan,Northwest,green,CANADA
8,Jan,Northwest,green,CANADA
8,Jan,Northwest,green,CANADA
8,Jan,Northwest,green,CANADA
8,Jan,Northwest,green,CANADA
8,Jan,Northwest,green,CANADA
8,Jan,Northwest,green,CANADA
8,Jan,Northwest,green,CANADA
8,Jan,Northwest,green,CANADA
8,Jan,Northwest,green,CANADA
8,Jan,Northwest,green,CANADA
8,Oct,Northwest,green,CANADA
8,Oct,Northwest,green,CANADA
8,Oct,Northwest,green,CANADA
8,Sep,Northwest,green,CANADA
8,Sep,Northwest,white,CANADA
8,Sep,Northwest,green,CANADA
8,Sep,Northwest,green,CANADA
8,Sep,Northwest,green,CANADA
8,Sep,Northwest,green,CANADA
8,Sep,Northwest,green,CANADA
8,Sep,Northwest,green,CANADA
8,Sep,Northwest,green,CANADA
8,Sep,Northwest,green,CANADA
8,Sep,Northwest,green,CANADA
8,Sep,Northwest,purple,CANADA
8,Sep,Northwest,green,CANADA
8,Sep,Northwest,green,CANADA
8,Sep,Northwest,white,CANADA
8,Sep,Northwest,green,CANADA
8,Sep,Northwest,green,CANADA
8,Sep,Northwest,green,CANADA
8,Sep,Northwest,green,CANADA
8,Sep,Northwest,green,CANADA
8,Sep,Northwest,green,CANADA
8,Sep,Northwest,green,CANADA
8,Aug,Northwest,blue,CANADA
8,Aug,Northwest,green,CANADA
8,Aug,Northwest,green,CANADA
8,Aug,Northwest,green,CANADA
8,Aug,Northwest,green,CANADA
8,Aug,Northwest,green,CANADA
8,Aug,Northwest,green,CANADA
8,Aug,Northwest,green,CANADA
8,Aug,Northwest,green,CANADA
8,Aug,Northwest,green,CANADA
8,Aug,Northwest,green,CANADA
8,Aug,Northwest,green,CANADA
8,Aug,Northwest,green,CANADA
8,Aug,Northwest,green,CANADA
8,Aug,Northwest,green,CANADA
8,Jan,Northwest,blue,CANADA
8,Jan,Northwest,green,CANADA
8,Jan,Northwest,green,CANADA
8,Jan,Northwest,green,CANADA
8,Jan,Northwest,green,CANADA
8,Jan,Northwest,green,CANADA
8,Jan,Northwest,purple,CANADA
8,Jan,Northwest,green,CANADA
8,Dec,Northwest,green,CANADA
8,Dec,Northwest,green,CANADA
8,Dec,Northwest,green,CANADA
8,Dec,Northwest,green,CANADA
15,Aug,Ontario,red,CANADA
15,Aug,Ontario,green,CANADA
15,Nov,Ontario,green,CANADA
15,Nov,Ontario,yellow,CANADA
17,Feb,Nunavut,purple,CANADA
17,Nov,Nunavut,green,CANADA
17,Nov,Nunavut,red,CANADA
17,Nov,Nunavut,purple,CANADA
17,Nov,Nunavut,blue,CANADA
17,Nov,Nunavut,green,CANADA
17,Nov,Nunavut,green,CANADA
17,Nov,Nunavut,blue,CANADA
17,Sep,Nunavut,green,CANADA
17,Sep,Nunavut,green,CANADA
17,Sep,Nunavut,green,CANADA
17,Aug,Nunavut,green,CANADA
17,Jan,Nunavut,green,CANADA
19,Oct,Nunavut,green,CANADA
19,Feb,Nunavut,green,CANADA
19,Feb,Nunavut,green,CANADA
19,Sep,Nunavut,green,CANADA
20,Sep,British Col,green,CANADA
20,Sep,British Col,yellow,CANADA
20,Sep,British Col,yellow,CANADA
20,Jun,British Col,purple,CANADA
20,Oct,British Col,purple,CANADA
20,Aug,British Col,yellow,CANADA
20,Aug,British Col,purple,CANADA
20,Aug,British Col,purple,CANADA
20,Jul,British Col,purple,CANADA
20,Jun,British Col,green,CANADA
20,Jul,British Col,green,CANADA
20,Jul,British Col,green,CANADA
20,Jul,British Col,purple,CANADA
25,Feb,Manitoba,green,CANADA
25,Feb,Manitoba,green,CANADA
25,Oct,Manitoba,green,CANADA
26,Jan,Alberta,green,CANADA
26,Jan,Alberta,green,CANADA
26,Sep,Alberta,green,CANADA
28,Oct,Yukon,green,CANADA
28,Sep,Yukon,purple,CANADA
28,Sep,Yukon,green,CANADA
28,Sep,Yukon,blue,CANADA
28,Sep,Yukon,blue,CANADA
28,Sep,Yukon,green,CANADA
28,Sep,Yukon,white,CANADA
28,Sep,Yukon,green,CANADA
28,Oct,Yukon,green,CANADA
28,Oct,Yukon,green,CANADA
28,Oct,Yukon,green,CANADA
28,Oct,Yukon,red,CANADA
28,Oct,Yukon,yellow,CANADA
28,Mar,Yukon,green,CANADA
28,Mar,Yukon,green,CANADA
28,Mar,Yukon,green,CANADA
28,Mar,Yukon,green,CANADA
28,Mar,Yukon,green,CANADA
28,Mar,Yukon,white,CANADA
28,Mar,Yukon,green,CANADA
28,Mar,Yukon,green,CANADA
28,Mar,Yukon,green,CANADA
28,Mar,Yukon,green,CANADA
28,Mar,Yukon,green,CANADA
28,Mar,Yukon,green,CANADA
28,Mar,Yukon,green,CANADA
28,Mar,Yukon,green,CANADA
28,Mar,Yukon,green,CANADA
28,Mar,Yukon,green,CANADA
28,Mar,Yukon,green,CANADA
28,Mar,Yukon,green,CANADA
28,Mar,Yukon,purple,CANADA
28,Mar,Yukon,green,CANADA
28,Mar,Yukon,green,CANADA
28,Mar,Yukon,green,CANADA
28,Mar,Yukon,green,CANADA
28,Mar,Yukon,green,CANADA
28,Mar,Yukon,green,CANADA
28,Mar,Yukon,green,CANADA
28,Mar,Yukon,white,CANADA
28,Feb,Yukon,blue,CANADA
28,Feb,Yukon,blue,CANADA
28,Feb,Yukon,green,CANADA
28,Feb,Yukon,green,CANADA
28,Feb,Yukon,green,CANADA
28,Feb,Yukon,blue,CANADA
28,Feb,Yukon,purple,CANADA
28,Feb,Yukon,green,CANADA
28,Feb,Yukon,green,CANADA
28,Feb,Yukon,purple,CANADA
28,Feb,Yukon,purple,CANADA
28,Feb,Yukon,blue,CANADA
28,Feb,Yukon,purple,CANADA
28,Feb,Yukon,blue,CANADA
28,Feb,Yukon,blue,CANADA
28,Feb,Yukon,blue,CANADA
28,Feb,Yukon,blue,CANADA
28,Feb,Yukon,blue,CANADA
28,Feb,Yukon,green,CANADA
28,Feb,Yukon,green,CANADA
28,Feb,Yukon,green,CANADA
28,Feb,Yukon,green,CANADA
28,Feb,Yukon,green,CANADA
28,Feb,Yukon,green,CANADA
28,Feb,Yukon,white,CANADA
28,Feb,Yukon,green,CANADA
28,Feb,Yukon,green,CANADA
28,Feb,Yukon,green,CANADA
28,Feb,Yukon,green,CANADA
28,Feb,Yukon,green,CANADA
28,Feb,Yukon,green,CANADA
28,Feb,Yukon,green,CANADA
28,Feb,Yukon,red,CANADA
28,Feb,Yukon,red,CANADA
28,Feb,Yukon,blue,CANADA
28,Feb,Yukon,blue,CANADA
28,Feb,Yukon,blue,CANADA
28,Feb,Yukon,green,CANADA
28,Feb,Yukon,green,CANADA
28,Feb,Yukon,green,CANADA
28,Feb,Yukon,purple,CANADA
28,Feb,Yukon,green,CANADA
28,Feb,Yukon,blue,CANADA
28,Feb,Yukon,yellow,CANADA
28,Feb,Yukon,green,CANADA
28,Sep,Yukon,green,CANADA
28,Sep,Yukon,green,CANADA
28,Apr,Yukon,purple,CANADA
28,Apr,Yukon,purple,CANADA
28,Apr,Yukon,green,CANADA
28,Apr,Yukon,white,CANADA
28,Apr,Yukon,green,CANADA
28,Apr,Yukon,green,CANADA
28,Apr,Yukon,white,CANADA
28,Apr,Yukon,green,CANADA
28,Apr,Yukon,green,CANADA
28,Apr,Yukon,white,CANADA
28,Apr,Yukon,white,CANADA
28,Apr,Yukon,green,CANADA
28,Apr,Yukon,green,CANADA
28,Apr,Yukon,green,CANADA
28,Apr,Yukon,green,CANADA
28,Apr,Yukon,green,CANADA
28,Apr,Yukon,green,CANADA
28,Apr,Yukon,green,CANADA
28,Apr,Yukon,green,CANADA
28,Apr,Yukon,green,CANADA
28,Apr,Yukon,green,CANADA
28,Mar,Yukon,green,CANADA
28,Mar,Yukon,purple,CANADA
28,Mar,Yukon,green,CANADA
28,Mar,Yukon,purple,CANADA
28,Feb,Yukon,green,CANADA
28,Feb,Yukon,green,CANADA
28,Apr,Yukon,green,CANADA
29,Oct,Manitoba,yellow,CANADA
29,Oct,Manitoba,green,CANADA
29,Oct,Manitoba,purple,CANADA
29,Oct,Manitoba,green,CANADA
29,Oct,Manitoba,purple,CANADA
29,Oct,Manitoba,green,CANADA
29,Oct,Manitoba,white,CANADA
29,Oct,Manitoba,green,CANADA
29,Oct,Manitoba,green,CANADA
29,Oct,Manitoba,green,CANADA
29,Oct,Manitoba,green,CANADA
29,Oct,Manitoba,green,CANADA
29,Oct,Manitoba,purple,CANADA
29,Oct,Manitoba,green,CANADA
29,Oct,Manitoba,purple,CANADA
29,Oct,Manitoba,yellow,CANADA
29,Oct,Manitoba,yellow,CANADA
29,Oct,Manitoba,yellow,CANADA
29,Oct,Manitoba,red,CANADA
32,Sep,Saskatchewan,yellow,CANADA
32,Sep,Saskatchewan,green,CANADA
32,Sep,Saskatchewan,green,CANADA
32,Sep,Saskatchewan,green,CANADA
32,Sep,Saskatchewan,green,CANADA
32,Sep,Saskatchewan,green,CANADA
32,Sep,Saskatchewan,green,CANADA
32,Sep,Saskatchewan,green,CANADA
32,Sep,Saskatchewan,green,CANADA
32,Sep,Saskatchewan,purple,CANADA
32,Sep,Saskatchewan,purple,CANADA
32,Sep,Saskatchewan,red,CANADA
32,Sep,Saskatchewan,purple,CANADA
32,Sep,Saskatchewan,green,CANADA
32,Sep,Saskatchewan,green,CANADA
33,Sep,Quebec,green,CANADA
33,Sep,Quebec,green,CANADA
33,Sep,Quebec,green,CANADA
33,Sep,Quebec,green,CANADA
33,Sep,Quebec,green,CANADA
33,Sep,Quebec,green,CANADA
33,Sep,Quebec,green,CANADA
33,Sep,Quebec,green,CANADA
33,Sep,Quebec,yellow,CANADA
33,Sep,Quebec,green,CANADA
33,Sep,Quebec,green,CANADA
33,Sep,Quebec,green,CANADA
33,Sep,Quebec,green,CANADA
33,Sep,Quebec,green,CANADA
33,Sep,Quebec,green,CANADA
33,Sep,Quebec,green,CANADA
33,Sep,Quebec,green,CANADA
33,Sep,Quebec,green,CANADA
33,Sep,Quebec,green,CANADA
33,Sep,Quebec,green,CANADA
33,Sep,Quebec,green,CANADA
33,Sep,Quebec,green,CANADA
33,Sep,Quebec,green,CANADA
33,Sep,Quebec,green,CANADA
33,Sep,Quebec,green,CANADA
33,Sep,Quebec,green,CANADA
33,Sep,Quebec,green,CANADA
33,Sep,Quebec,yellow,CANADA
33,Sep,Quebec,purple,CANADA
33,Sep,Quebec,green,CANADA
33,Sep,Quebec,purple,CANADA
33,Sep,Quebec,green,CANADA
33,Sep,Quebec,red,CANADA
33,Sep,Quebec,green,CANADA
33,Sep,Quebec,green,CANADA
33,Sep,Quebec,green,CANADA
33,Sep,Quebec,green,CANADA
33,Sep,Quebec,green,CANADA
33,Sep,Quebec,green,CANADA
33,Sep,Quebec,green,CANADA
33,Sep,Quebec,green,CANADA
33,Sep,Quebec,green,CANADA
33,Sep,Quebec,green,CANADA
33,Sep,Quebec,green,CANADA
33,Sep,Quebec,green,CANADA
33,Sep,Quebec,green,CANADA
33,Sep,Quebec,green,CANADA
33,Sep,Quebec,green,CANADA
33,Sep,Quebec,green,CANADA
33,Sep,Quebec,green,CANADA
33,Sep,Quebec,green,CANADA
34,Sep,British Col,blue,CANADA
34,Sep,British Col,purple,CANADA
34,Sep,British Col,blue,CANADA
34,Sep,British Col,blue,CANADA
35,Sep,Quebec,green,CANADA
35,Sep,Quebec,green,CANADA
35,Sep,Quebec,green,CANADA
35,Sep,Quebec,green,CANADA
35,Sep,Quebec,green,CANADA
35,Sep,Quebec,green,CANADA
35,Sep,Quebec,green,CANADA
35,Jul,Quebec,green,CANADA
35,Jul,Quebec,green,CANADA
35,May,Quebec,purple,CANADA
35,May,Quebec,purple,CANADA
35,May,Quebec,white,CANADA
35,May,Quebec,purple,CANADA
35,May,Quebec,green,CANADA
35,May,Quebec,green,CANADA
35,May,Quebec,purple,CANADA
35,May,Quebec,green,CANADA
35,May,Quebec,green,CANADA
35,May,Quebec,green,CANADA
35,May,Quebec,white,CANADA
35,May,Quebec,purple,CANADA
35,May,Quebec,white,CANADA
35,May,Quebec,purple,CANADA
35,May,Quebec,purple,CANADA
35,May,Quebec,purple,CANADA
35,May,Quebec,green,CANADA
35,May,Quebec,white,CANADA
35,May,Quebec,green,CANADA
35,Apr,Quebec,white,CANADA
35,Apr,Quebec,green,CANADA
35,Apr,Quebec,green,CANADA
35,Apr,Quebec,white,CANADA
35,Apr,Quebec,green,CANADA
35,Apr,Quebec,green,CANADA
35,Apr,Quebec,green,CANADA
35,Apr,Quebec,green,CANADA
35,Apr,Quebec,green,CANADA
35,Jul,Quebec,green,CANADA
35,Jul,Quebec,green,CANADA
35,Jul,Quebec,green,CANADA
35,Jul,Quebec,green,CANADA
35,Jul,Quebec,green,CANADA
35,Jul,Quebec,green,CANADA
35,Jul,Quebec,green,CANADA
35,Jul,Quebec,green,CANADA
35,Jun,Quebec,green,CANADA
35,Jun,Quebec,green,CANADA
35,Jun,Quebec,green,CANADA
35,Jun,Quebec,green,CANADA
35,May,Quebec,green,CANADA
35,May,Quebec,green,CANADA
35,May,Quebec,green,CANADA
35,May,Quebec,green,CANADA
35,May,Quebec,green,CANADA
35,May,Quebec,blue,CANADA
35,May,Quebec,green,CANADA
35,May,Quebec,green,CANADA
35,May,Quebec,green,CANADA
35,May,Quebec,green,CANADA
35,May,Quebec,green,CANADA
35,May,Quebec,green,CANADA
35,May,Quebec,green,CANADA
35,May,Quebec,green,CANADA
35,May,Quebec,green,CANADA
35,May,Quebec,green,CANADA
35,May,Quebec,green,CANADA
35,May,Quebec,green,CANADA
35,May,Quebec,green,CANADA
35,May,Quebec,green,CANADA
35,May,Quebec,green,CANADA
35,May,Quebec,green,CANADA
35,Sep,Quebec,green,CANADA
35,Sep,Quebec,green,CANADA
35,Sep,Quebec,green,CANADA
35,Sep,Quebec,green,CANADA
35,Sep,Quebec,green,CANADA
35,Sep,Quebec,green,CANADA
35,Sep,Quebec,green,CANADA
35,Sep,Quebec,green,CANADA
35,Sep,Quebec,green,CANADA
35,Sep,Quebec,green,CANADA
35,Sep,Quebec,green,CANADA
35,Sep,Quebec,green,CANADA
35,Sep,Quebec,green,CANADA
35,Sep,Quebec,green,CANADA
35,May,Quebec,green,CANADA
35,May,Quebec,green,CANADA
35,May,Quebec,green,CANADA
35,May,Quebec,green,CANADA
35,May,Quebec,green,CANADA
35,Mar,Quebec,blue,CANADA
35,Mar,Quebec,green,CANADA
35,Mar,Quebec,green,CANADA
35,Feb,Quebec,green,CANADA
35,Feb,Quebec,green,CANADA
35,Feb,Quebec,green,CANADA
35,Feb,Quebec,green,CANADA
35,Feb,Quebec,green,CANADA
35,Feb,Quebec,yellow,CANADA
35,Feb,Quebec,green,CANADA
35,Feb,Quebec,green,CANADA
35,Feb,Quebec,green,CANADA
35,Jun,Quebec,green,CANADA
35,Jun,Quebec,green,CANADA
35,Jun,Quebec,green,CANADA
35,Oct,Quebec,green,CANADA
35,Oct,Quebec,green,CANADA
35,Oct,Quebec,green,CANADA
35,Oct,Quebec,green,CANADA
35,Oct,Quebec,green,CANADA
35,Oct,Quebec,green,CANADA
35,Oct,Quebec,green,CANADA
35,Oct,Quebec,green,CANADA
35,Oct,Quebec,green,CANADA
35,Oct,Quebec,green,CANADA
35,Oct,Quebec,green,CANADA
35,Oct,Quebec,green,CANADA
35,Oct,Quebec,green,CANADA
35,Oct,Quebec,green,CANADA
35,Oct,Quebec,green,CANADA
35,Oct,Quebec,green,CANADA
35,Oct,Quebec,green,CANADA
35,Oct,Quebec,green,CANADA
35,Oct,Quebec,green,CANADA
35,Sep,Quebec,green,CANADA
35,Sep,Quebec,green,CANADA
35,Sep,Quebec,green,CANADA
35,May,Quebec,green,CANADA
35,May,Quebec,green,CANADA
35,May,Quebec,green,CANADA
35,May,Quebec,green,CANADA
35,May,Quebec,green,CANADA
35,May,Quebec,green,CANADA
35,May,Quebec,green,CANADA
35,May,Quebec,green,CANADA
35,May,Quebec,green,CANADA
35,Apr,Quebec,green,CANADA
35,Apr,Quebec,green,CANADA
35,Apr,Quebec,green,CANADA
35,Apr,Quebec,green,CANADA
35,Mar,Quebec,green,CANADA
35,Sep,Quebec,green,CANADA
35,Sep,Quebec,green,CANADA
35,Sep,Quebec,green,CANADA
35,Sep,Quebec,green,CANADA
35,Sep,Quebec,green,CANADA
35,Sep,Quebec,green,CANADA
35,Sep,Quebec,green,CANADA
35,Sep,Quebec,green,CANADA
35,Sep,Quebec,green,CANADA
35,Sep,Quebec,green,CANADA
35,Sep,Quebec,green,CANADA
35,Sep,Quebec,green,CANADA
35,Sep,Quebec,green,CANADA
35,Sep,Quebec,green,CANADA
35,Aug,Quebec,green,CANADA
35,Aug,Quebec,green,CANADA
35,Aug,Quebec,green,CANADA
35,Aug,Quebec,green,CANADA
35,Aug,Quebec,green,CANADA
35,Aug,Quebec,green,CANADA
35,Aug,Quebec,green,CANADA
35,Aug,Quebec,green,CANADA
35,Aug,Quebec,green,CANADA
35,Aug,Quebec,green,CANADA
35,Aug,Quebec,green,CANADA
35,Aug,Quebec,green,CANADA
35,Aug,Quebec,green,CANADA
35,Aug,Quebec,green,CANADA
35,Jul,Quebec,green,CANADA
35,Jul,Quebec,green,CANADA
35,Jul,Quebec,green,CANADA
35,Jul,Quebec,green,CANADA
35,Jul,Quebec,green,CANADA
35,Jul,Quebec,green,CANADA
35,Jul,Quebec,green,CANADA
35,Jul,Quebec,green,CANADA
35,Jul,Quebec,green,CANADA
35,Jul,Quebec,green,CANADA
35,Jul,Quebec,green,CANADA
35,Jul,Quebec,green,CANADA
35,Jul,Quebec,green,CANADA
35,Jul,Quebec,green,CANADA
35,Jul,Quebec,green,CANADA
35,Apr,Quebec,green,CANADA
35,Apr,Quebec,green,CANADA
35,Apr,Quebec,green,CANADA
35,Apr,Quebec,green,CANADA
35,Apr,Quebec,green,CANADA
35,Apr,Quebec,green,CANADA
35,Apr,Quebec,green,CANADA
35,Apr,Quebec,green,CANADA
35,Apr,Quebec,green,CANADA
35,Apr,Quebec,green,CANADA
35,Apr,Quebec,green,CANADA
35,Apr,Quebec,green,CANADA
35,Apr,Quebec,green,CANADA
35,Apr,Quebec,green,CANADA
35,Apr,Quebec,green,CANADA
35,Apr,Quebec,green,CANADA
35,Apr,Quebec,green,CANADA
35,Mar,Quebec,green,CANADA
35,Oct,Quebec,green,CANADA
35,Oct,Quebec,green,CANADA
35,May,Quebec,green,CANADA
35,Apr,Quebec,blue,CANADA
35,Apr,Quebec,blue,CANADA
35,Apr,Quebec,green,CANADA
35,Apr,Quebec,blue,CANADA
35,Apr,Quebec,green,CANADA
35,Apr,Quebec,purple,CANADA
35,Apr,Quebec,green,CANADA
35,Apr,Quebec,green,CANADA
38,Aug,Manitoba,green,CANADA
38,Sep,Manitoba,green,CANADA
38,Sep,Manitoba,green,CANADA
43,May,Ontario,purple,CANADA
43,May,Ontario,purple,CANADA
43,May,Ontario,purple,CANADA
44,May,Saskatchewan,green,CANADA
44,May,Saskatchewan,blue,CANADA
44,May,Saskatchewan,green,CANADA
44,Jun,Saskatchewan,green,CANADA
44,Jun,Saskatchewan,green,CANADA
44,Jun,Saskatchewan,green,CANADA
44,Jun,Saskatchewan,green,CANADA
44,Jun,Saskatchewan,green,CANADA
44,Jun,Saskatchewan,green,CANADA
44,Jun,Saskatchewan,green,CANADA
44,Jun,Saskatchewan,green,CANADA
44,Jun,Saskatchewan,green,CANADA
44,Jun,Saskatchewan,green,CANADA
44,Jun,Saskatchewan,green,CANADA
44,Sep,Saskatchewan,yellow,CANADA
44,Sep,Saskatchewan,green,CANADA
44,May,Saskatchewan,blue,CANADA
44,Aug,Saskatchewan,purple,CANADA
44,Jun,Saskatchewan,green,CANADA
44,Jun,Saskatchewan,green,CANADA
44,Jun,Saskatchewan,blue,CANADA
44,Jun,Saskatchewan,blue,CANADA
44,Jun,Saskatchewan,purple,CANADA
44,Jun,Saskatchewan,purple,CANADA
44,Jun,Saskatchewan,purple,CANADA
45,May,British Col,blue,CANADA
45,Jun,British Col,purple,CANADA
45,Jun,British Col,purple,CANADA
46,Apr,Ontario,yellow,CANADA
46,Apr,Ontario,purple,CANADA
46,Apr,Ontario,yellow,CANADA
46,May,Ontario,purple,CANADA
46,May,Ontario,purple,CANADA
46,May,Ontario,yellow,CANADA
47,Apr,Alberta,red,CANADA
47,Dec,Alberta,green,CANADA
47,Nov,Alberta,green,CANADA
47,Nov,Alberta,green,CANADA
47,May,Alberta,green,CANADA
47,May,Alberta,green,CANADA
47,May,Alberta,purple,CANADA
47,Sep,Alberta,green,CANADA
47,Sep,Alberta,green,CANADA
47,Sep,Alberta,green,CANADA
47,Oct,Alberta,red,CANADA
47,Oct,Alberta,green,CANADA
48,Mar,Ontario,blue,CANADA
48,Mar,Ontario,purple,CANADA
48,Oct,Ontario,green,CANADA
48,Oct,Ontario,purple,CANADA
50,Mar,Alberta,yellow,CANADA
50,Mar,Alberta,yellow,CANADA
50,Mar,Alberta,red,CANADA
50,Mar,Alberta,red,CANADA
50,Mar,Alberta,purple,CANADA
50,Mar,Alberta,yellow,CANADA
50,Mar,Alberta,yellow,CANADA
50,Mar,Alberta,yellow,CANADA
51,Mar,Manitoba,purple,CANADA
51,Mar,Manitoba,purple,CANADA
51,Mar,Manitoba,purple,CANADA
51,Mar,Manitoba,blue,CANADA
51,Mar,Manitoba,purple,CANADA
51,Mar,Manitoba,purple,CANADA
51,Mar,Manitoba,green,CANADA
51,Mar,Manitoba,purple,CANADA
51,Mar,Manitoba,green,CANADA
51,Mar,Manitoba,green,CANADA
51,Jan,Manitoba,green,CANADA
51,Jan,Manitoba,green,CANADA
51,Jan,Manitoba,green,CANADA
51,Jan,Manitoba,green,CANADA
51,Jan,Manitoba,green,CANADA
51,Jan,Manitoba,white,CANADA
51,Jan,Manitoba,white,CANADA
51,Jan,Manitoba,purple,CANADA
51,Jan,Manitoba,green,CANADA
51,Jan,Manitoba,yellow,CANADA
51,Dec,Manitoba,green,CANADA
51,Dec,Manitoba,green,CANADA
51,Dec,Manitoba,green,CANADA
51,Jun,Manitoba,blue,CANADA
51,Jun,Manitoba,green,CANADA
51,Jun,Manitoba,purple,CANADA
51,Jun,Manitoba,purple,CANADA
51,Jun,Manitoba,purple,CANADA
51,Jun,Manitoba,purple,CANADA
51,Jun,Manitoba,purple,CANADA
51,Jun,Manitoba,purple,CANADA
51,Jun,Manitoba,purple,CANADA
51,Jun,Manitoba,blue,CANADA
51,Jun,Manitoba,purple,CANADA
51,Jun,Manitoba,green,CANADA
51,Jun,Manitoba,purple,CANADA
51,Jun,Manitoba,purple,CANADA
51,Jun,Manitoba,purple,CANADA
51,Jun,Manitoba,purple,CANADA
51,Jun,Manitoba,purple,CANADA
51,Jun,Manitoba,green,CANADA
51,Jun,Manitoba,blue,CANADA
51,Jun,Manitoba,blue,CANADA
51,Jun,Manitoba,blue,CANADA
51,Jun,Manitoba,blue,CANADA
51,Jun,Manitoba,blue,CANADA
51,Jun,Manitoba,blue,CANADA
51,May,Manitoba,purple,CANADA
51,May,Manitoba,purple,CANADA
51,May,Manitoba,purple,CANADA
51,May,Manitoba,purple,CANADA
51,May,Manitoba,white,CANADA
51,May,Manitoba,purple,CANADA
51,May,Manitoba,purple,CANADA
51,May,Manitoba,purple,CANADA
51,May,Manitoba,purple,CANADA
51,May,Manitoba,purple,CANADA
51,May,Manitoba,purple,CANADA
51,May,Manitoba,purple,CANADA
51,May,Manitoba,purple,CANADA
51,May,Manitoba,purple,CANADA
51,May,Manitoba,purple,CANADA
51,May,Manitoba,green,CANADA
51,May,Manitoba,green,CANADA
51,May,Manitoba,purple,CANADA
51,May,Manitoba,purple,CANADA
51,May,Manitoba,purple,CANADA
51,May,Manitoba,purple,CANADA
51,May,Manitoba,purple,CANADA
51,May,Manitoba,purple,CANADA
51,May,Manitoba,purple,CANADA
51,May,Manitoba,green,CANADA
51,May,Manitoba,white,CANADA
51,Nov,Manitoba,white,CANADA
51,Nov,Manitoba,green,CANADA
51,Nov,Manitoba,white,CANADA
51,Nov,Manitoba,white,CANADA
51,Nov,Manitoba,white,CANADA
51,Nov,Manitoba,white,CANADA
51,Nov,Manitoba,green,CANADA
51,Nov,Manitoba,white,CANADA
51,Nov,Manitoba,white,CANADA
51,Nov,Manitoba,white,CANADA
51,Nov,Manitoba,purple,CANADA
51,Oct,Manitoba,white,CANADA
51,Oct,Manitoba,green,CANADA
51,Oct,Manitoba,yellow,CANADA
51,Oct,Manitoba,white,CANADA
51,Oct,Manitoba,white,CANADA
51,Oct,Manitoba,white,CANADA
51,Oct,Manitoba,green,CANADA
51,Oct,Manitoba,green,CANADA
51,Oct,Manitoba,green,CANADA
51,Oct,Manitoba,green,CANADA
51,Apr,Manitoba,green,CANADA
51,Apr,Manitoba,red,CANADA
51,Apr,Manitoba,red,CANADA
51,Apr,Manitoba,green,CANADA
51,Apr,Manitoba,green,CANADA
51,Apr,Manitoba,purple,CANADA
51,Apr,Manitoba,green,CANADA
51,Apr,Manitoba,green,CANADA
51,Apr,Manitoba,green,CANADA
51,Apr,Manitoba,green,CANADA
51,Apr,Manitoba,purple,CANADA
51,Apr,Manitoba,green,CANADA
51,Apr,Manitoba,green,CANADA
51,Apr,Manitoba,purple,CANADA
51,Apr,Manitoba,green,CANADA
51,Apr,Manitoba,green,CANADA
51,Apr,Manitoba,purple,CANADA
51,Apr,Manitoba,green,CANADA
51,Apr,Manitoba,green,CANADA
51,Apr,Manitoba,green,CANADA
51,Apr,Manitoba,purple,CANADA
51,Mar,Manitoba,green,CANADA
51,Mar,Manitoba,yellow,CANADA
51,Mar,Manitoba,green,CANADA
51,Mar,Manitoba,green,CANADA
51,Mar,Manitoba,white,CANADA
51,Mar,Manitoba,green,CANADA
51,Mar,Manitoba,white,CANADA
51,Mar,Manitoba,green,CANADA
51,Mar,Manitoba,green,CANADA
51,Mar,Manitoba,green,CANADA
51,Mar,Manitoba,green,CANADA
51,Mar,Manitoba,green,CANADA
51,Mar,Manitoba,green,CANADA
51,Mar,Manitoba,purple,CANADA
51,Mar,Manitoba,green,CANADA
51,Mar,Manitoba,green,CANADA
51,Mar,Manitoba,blue,CANADA
51,Mar,Manitoba,purple,CANADA
51,Jan,Manitoba,green,CANADA
51,Jan,Manitoba,green,CANADA
51,Jan,Manitoba,green,CANADA
51,Jan,Manitoba,green,CANADA
51,Jan,Manitoba,green,CANADA
51,Jan,Manitoba,green,CANADA
51,Jan,Manitoba,green,CANADA
51,Jan,Manitoba,white,CANADA
51,Jan,Manitoba,green,CANADA
51,Jan,Manitoba,green,CANADA
51,Jan,Manitoba,green,CANADA
51,Jan,Manitoba,green,CANADA
51,Jan,Manitoba,green,CANADA
51,Jan,Manitoba,green,CANADA
51,Jan,Manitoba,white,CANADA
51,Jan,Manitoba,green,CANADA
51,Jan,Manitoba,green,CANADA
51,Jan,Manitoba,green,CANADA
51,Jan,Manitoba,green,CANADA
51,Jan,Manitoba,white,CANADA
51,Jan,Manitoba,green,CANADA
51,Jan,Manitoba,green,CANADA
51,Jan,Manitoba,green,CANADA
51,Jan,Manitoba,green,CANADA
51,Jan,Manitoba,green,CANADA
51,Jan,Manitoba,green,CANADA
51,Jan,Manitoba,green,CANADA
51,Jan,Manitoba,green,CANADA
51,Jan,Manitoba,green,CANADA
51,Jan,Manitoba,green,CANADA
51,Jan,Manitoba,green,CANADA
51,Jan,Manitoba,green,CANADA
51,Jan,Manitoba,green,CANADA
51,Jan,Manitoba,green,CANADA
51,Aug,Manitoba,green,CANADA
51,Aug,Manitoba,green,CANADA
51,Aug,Manitoba,green,CANADA
51,Aug,Manitoba,green,CANADA
52,Nov,Northwest,green,CANADA
52,Nov,Northwest,white,CANADA
52,Nov,Northwest,white,CANADA
52,Nov,Northwest,white,CANADA
54,Jun,Ontario,purple,CANADA
54,Jun,Ontario,purple,CANADA
54,Oct,Ontario,red,CANADA
54,Oct,Ontario,purple,CANADA
54,Oct,Ontario,green,CANADA
54,Oct,Ontario,yellow,CANADA
54,Oct,Ontario,purple,CANADA
54,Oct,Ontario,purple,CANADA
54,Oct,Ontario,green,CANADA
54,Jul,Ontario,green,CANADA
54,Jul,Ontario,green,CANADA
54,Jul,Ontario,green,CANADA
54,Jul,Ontario,blue,CANADA
54,Jul,Ontario,green,CANADA
54,Jul,Ontario,green,CANADA
54,Jul,Ontario,purple,CANADA
54,Jul,Ontario,purple,CANADA
54,Jul,Ontario,purple,CANADA
54,Aug,Ontario,green,CANADA
54,Aug,Ontario,green,CANADA
54,Aug,Ontario,purple,CANADA
54,Aug,Ontario,green,CANADA
54,Aug,Ontario,purple,CANADA
61,May,Alberta,yellow,CANADA
61,May,Alberta,yellow,CANADA
61,May,Alberta,green,CANADA
61,May,Alberta,green,CANADA
61,May,Alberta,green,CANADA
61,May,Alberta,green,CANADA
61,May,Alberta,green,CANADA
61,May,Alberta,yellow,CANADA
61,May,Alberta,green,CANADA
61,May,Alberta,green,CANADA
61,May,Alberta,yellow,CANADA
61,May,Alberta,yellow,CANADA
62,May,Alberta,green,CANADA
62,Feb,Alberta,green,CANADA
62,Jun,Alberta,green,CANADA
62,Jun,Alberta,blue,CANADA
62,Jun,Alberta,purple,CANADA
62,Jun,Alberta,yellow,CANADA
62,Jun,Alberta,green,CANADA
62,Oct,Alberta,green,CANADA
62,Oct,Alberta,green,CANADA
62,Oct,Alberta,green,CANADA
62,Sep,Alberta,purple,CANADA
62,Sep,Alberta,green,CANADA
62,Sep,Alberta,green,CANADA
62,Sep,Alberta,green,CANADA
62,Aug,Alberta,green,CANADA
63,May,Alberta,red,CANADA
63,May,Alberta,red,CANADA
63,May,Alberta,purple,CANADA
63,May,Alberta,red,CANADA
63,Jun,Alberta,green,CANADA
63,Jun,Alberta,green,CANADA
63,Jun,Alberta,purple,CANADA
63,Jun,Alberta,purple,CANADA
63,Jun,Alberta,purple,CANADA
63,Jun,Alberta,purple,CANADA
67,Sep,Yukon,green,CANADA
67,Sep,Yukon,green,CANADA
67,Sep,Yukon,white,CANADA
67,Sep,Yukon,white,CANADA
67,Sep,Yukon,white,CANADA
68,Sep,Quebec,blue,CANADA
68,Sep,Quebec,purple,CANADA
68,Sep,Quebec,purple,CANADA
68,Sep,Quebec,purple,CANADA
68,Oct,Quebec,yellow,CANADA
70,Aug,Saskatchewan,red,CANADA
70,Aug,Saskatchewan,yellow,CANADA
70,Aug,Saskatchewan,red,CANADA
70,Aug,Saskatchewan,red,CANADA
71,Jun,Ontario,green,CANADA
71,Jun,Ontario,green,CANADA
71,Jun,Ontario,green,CANADA
72,Feb,British Col,green,CANADA
72,Feb,British Col,green,CANADA
72,Feb,British Col,green,CANADA
72,Feb,British Col,yellow,CANADA
72,Nov,British Col,yellow,CANADA
72,Mar,British Col,green,CANADA
73,Feb,Alberta,green,CANADA
73,Feb,Alberta,green,CANADA
73,Feb,Alberta,green,CANADA
73,May,Alberta,green,CANADA
73,May,Alberta,green,CANADA
73,Aug,Alberta,green,CANADA
73,Sep,Alberta,green,CANADA
76,Dec,Ontario,yellow,CANADA
76,Dec,Ontario,yellow,CANADA
76,Oct,Ontario,yellow,CANADA
76,Mar,Ontario,yellow,CANADA
76,Dec,Ontario,yellow,CANADA
77,Nov,Saskatchewan,green,CANADA
77,Nov,Saskatchewan,purple,CANADA
77,Nov,Saskatchewan,white,CANADA
77,Nov,Saskatchewan,green,CANADA
77,Nov,Saskatchewan,yellow,CANADA
77,Nov,Saskatchewan,green,CANADA
83,May,Ontario,white,CANADA
83,May,Ontario,green,CANADA
83,May,Ontario,white,CANADA
83,May,Ontario,green,CANADA
83,May,Ontario,green,CANADA
83,May,Ontario,green,CANADA
84,May,Manitoba,yellow,CANADA
84,May,Manitoba,yellow,CANADA
84,Jan,Manitoba,green,CANADA
89,Mar,British Col,green,CANADA
89,Mar,British Col,green,CANADA
89,Mar,British Col,yellow,CANADA
92,Oct,Northwest,green,CANADA
92,Mar,Northwest,green,CANADA
92,Mar,Northwest,green,CANADA
92,Mar,Northwest,green,CANADA
92,Mar,Northwest,blue,CANADA
92,Mar,Northwest,green,CANADA
92,Mar,Northwest,blue,CANADA
100,Jul,Quebec,purple,CANADA
100,Jul,Quebec,purple,CANADA
100,Jul,Quebec,green,CANADA
102,Feb,Manitoba,green,CANADA
102,Feb,Manitoba,green,CANADA
102,Feb,Manitoba,green,CANADA
102,Feb,Manitoba,green,CANADA
103,Sep,Alberta,green,CANADA
103,Sep,Alberta,green,CANADA
103,Sep,Alberta,green,CANADA
103,Sep,Alberta,green,CANADA
103,Sep,Alberta,green,CANADA
105,Aug,Alberta,green,CANADA
105,Aug,Alberta,green,CANADA
105,Aug,Alberta,green,CANADA
106,Apr,Alberta,green,CANADA
106,Oct,Alberta,green,CANADA
106,Sep,Alberta,green,CANADA
106,Sep,Alberta,green,CANADA
106,Sep,Alberta,green,CANADA
106,Sep,Alberta,green,CANADA
110,Aug,Quebec,green,CANADA
110,Aug,Quebec,green,CANADA
110,Aug,Quebec,green,CANADA
110,Aug,Quebec,yellow,CANADA
111,Jul,Ontario,purple,CANADA
111,Aug,Ontario,green,CANADA
111,Aug,Ontario,green,CANADA
